StartDate,EndDate,Status,IPAddress,Progress,Duration (in seconds),Finished,RecordedDate,ResponseId,RecipientLastName,RecipientFirstName,RecipientEmail,ExternalReference,LocationLatitude,LocationLongitude,DistributionChannel,UserLanguage,Q1,Q2,Q3,Q4,Q5_1,Q5_2,Q5_3,Q5_4,Q5_5,Q5_6,Q5_7,Q5_8,Q5_9,Q5_10,Q5_11,Q7,Q7_8_TEXT,Q8,Q9,Q10,Q6
Start Date,End Date,Response Type,IP Address,Progress,Duration (in seconds),Finished,Recorded Date,Response ID,Recipient Last Name,Recipient First Name,Recipient Email,External Data Reference,Location Latitude,Location Longitude,Distribution Channel,User Language,What is your age group? (in years),What is the highest education level you have completed?,"How comfortable are you sharing Personally Identifiable Information(PIIs, e.g., date of birth, address) with financial institutions?","Have you ever experienced or suspected a security breach involving your PII (e.g., identity theft, unauthorized access)?","Which of the following types of PIIs are you comfortable sharing with a financial institution? 
(Five stars is most comfortable and one star is the least comfortable) - Social Security Number (SSN)","Which of the following types of PIIs are you comfortable sharing with a financial institution? 
(Five stars is most comfortable and one star is the least comfortable) - Full Name","Which of the following types of PIIs are you comfortable sharing with a financial institution? 
(Five stars is most comfortable and one star is the least comfortable) - Phone Number","Which of the following types of PIIs are you comfortable sharing with a financial institution? 
(Five stars is most comfortable and one star is the least comfortable) - Home Address","Which of the following types of PIIs are you comfortable sharing with a financial institution? 
(Five stars is most comfortable and one star is the least comfortable) - Email Address","Which of the following types of PIIs are you comfortable sharing with a financial institution? 
(Five stars is most comfortable and one star is the least comfortable) - Date of Birth","Which of the following types of PIIs are you comfortable sharing with a financial institution? 
(Five stars is most comfortable and one star is the least comfortable) - Employment History","Which of the following types of PIIs are you comfortable sharing with a financial institution? 
(Five stars is most comfortable and one star is the least comfortable) - Income Level","Which of the following types of PIIs are you comfortable sharing with a financial institution? 
(Five stars is most comfortable and one star is the least comfortable) - Biometric Data (e.g., fingerprints, facial recognition)","Which of the following types of PIIs are you comfortable sharing with a financial institution? 
(Five stars is most comfortable and one star is the least comfortable) - Passport Number / Driver's License Number","Which of the following types of PIIs are you comfortable sharing with a financial institution? 
(Five stars is most comfortable and one star is the least comfortable) - Tax ID",Which of the following do you consider the most vulnerable to fraud in PII-based authentication? - Selected Choice,Which of the following do you consider the most vulnerable to fraud in PII-based authentication? - Other (Please specify) - Text,For what purposes would you consent to share your personal information with a financial institution? (Select all that apply),How important are a financial institution's data protection measures to you when deciding to share your personal information?,"Biometric and Behavioral PIIs cannot be changed while you can always change Traditional PIIs like passwords, email, phone, etc. 
In a hypothetical scenario of a data breach, would you rather have your...",What is your technical background?
"{""ImportId"":""startDate"",""timeZone"":""America/New_York""}","{""ImportId"":""endDate"",""timeZone"":""America/New_York""}","{""ImportId"":""status""}","{""ImportId"":""ipAddress""}","{""ImportId"":""progress""}","{""ImportId"":""duration""}","{""ImportId"":""finished""}","{""ImportId"":""recordedDate"",""timeZone"":""America/New_York""}","{""ImportId"":""_recordId""}","{""ImportId"":""recipientLastName""}","{""ImportId"":""recipientFirstName""}","{""ImportId"":""recipientEmail""}","{""ImportId"":""externalDataReference""}","{""ImportId"":""locationLatitude""}","{""ImportId"":""locationLongitude""}","{""ImportId"":""distributionChannel""}","{""ImportId"":""userLanguage""}","{""ImportId"":""QID1""}","{""ImportId"":""QID2""}","{""ImportId"":""QID7""}","{""ImportId"":""QID5""}","{""ImportId"":""QID3_1""}","{""ImportId"":""QID3_2""}","{""ImportId"":""QID3_3""}","{""ImportId"":""QID3_4""}","{""ImportId"":""QID3_5""}","{""ImportId"":""QID3_6""}","{""ImportId"":""QID3_7""}","{""ImportId"":""QID3_8""}","{""ImportId"":""QID3_9""}","{""ImportId"":""QID3_10""}","{""ImportId"":""QID3_11""}","{""ImportId"":""QID6""}","{""ImportId"":""QID6_8_TEXT""}","{""ImportId"":""QID8""}","{""ImportId"":""QID9""}","{""ImportId"":""QID10""}","{""ImportId"":""QID4""}"
2024-11-07 19:25:23,2024-11-07 19:28:21,IP Address,107.13.176.78,100,177,True,2024-11-07 19:28:21,R_7QShzCSscHktIjv,,,,,35.7633,-78.71,anonymous,EN,18-24,Bachelor's Degree,Neither comfortable nor uncomfortable,"Not personally, but I know someone who has",3,5,5,5,5,5,4,3,1,1,2,Social Security Number,,"Opening an account,Loan application",Extremely important,"Traditional PIIs like passwords, email, phone, etc be compromised",Currently working in or pursuing a career in Tech
2024-11-07 19:29:15,2024-11-07 19:30:13,IP Address,107.13.176.78,100,58,True,2024-11-07 19:30:14,R_3uqXDGFtOlSdh85,,,,,35.7633,-78.71,anonymous,EN,18-24,Bachelor's Degree,Neither comfortable nor uncomfortable,"Not personally, but I know someone who has",3,5,5,5,5,5,3,2,1,1,1,Biometric information,,"Opening an account,Loan application",Extremely important,"Traditional PIIs like passwords, email, phone, etc be compromised",Currently working in or pursuing a career in Tech
2024-11-07 19:37:14,2024-11-07 19:38:30,IP Address,152.7.255.202,100,75,True,2024-11-07 19:38:31,R_3GHUSN4cZjoSwi5,,,,,35.7633,-78.71,anonymous,EN,18-24,Bachelor's Degree,Somewhat uncomfortable,"Not personally, but I know someone who has",1,4,2,2,3,5,2,4,2,2,2,Social Security Number,,"Opening an account,Loan application,Credit scoring and risk assessment,Compliance with legal obligations (e.g., anti-money laundering)",Very important,"Traditional PIIs like passwords, email, phone, etc be compromised",Currently working in or pursuing a career in Tech
2024-11-07 19:37:05,2024-11-07 19:39:51,IP Address,76.38.17.38,100,165,True,2024-11-07 19:39:51,R_1qEvluPkbgB0dN5,,,,,35.7633,-78.71,anonymous,EN,18-24,Bachelor's Degree,Somewhat uncomfortable,"Yes, once",1,5,2,1,2,2,4,4,1,1,1,Social Security Number,,"Loan application,Credit scoring and risk assessment,Marketing of new products and services,Compliance with legal obligations (e.g., anti-money laundering)",Extremely important,"Biometric ( fingerprints, facial recognition) and Behavioral(phone use patterns, etc) PIIs be compromised",Currently working in or pursuing a career in Tech
2024-11-07 19:37:14,2024-11-07 19:44:59,IP Address,98.11.204.228,100,464,True,2024-11-07 19:44:59,R_34GaLU5N4FX7udc,,,,,43.114,-77.5689,anonymous,EN,25-34,Master's Degree,Neither comfortable nor uncomfortable,"Not personally, but I know someone who has",1,5,3,3,5,3,4,2,1,1,1,Social Security Number,,"Opening an account,Loan application",Very important,"Biometric ( fingerprints, facial recognition) and Behavioral(phone use patterns, etc) PIIs be compromised",Not currently working in or pursuing a career in Tech
2024-11-07 21:00:40,2024-11-07 21:01:57,IP Address,71.69.164.17,100,76,True,2024-11-07 21:01:57,R_3aKXcgyvahin0OK,,,,,35.7614,-78.6015,anonymous,EN,18-24,Bachelor's Degree,Extremely uncomfortable,"Yes, multiple times",3,4,5,4,5,5,4,3,1,2,1,Social Security Number,,Credit scoring and risk assessment,Extremely important,"Traditional PIIs like passwords, email, phone, etc be compromised",Currently working in or pursuing a career in Tech
2024-11-07 21:11:54,2024-11-07 21:13:47,IP Address,136.56.76.205,100,112,True,2024-11-07 21:13:47,R_5l9syCmR1GbB1Rj,,,,,35.8235,-78.8256,anonymous,EN,25-34,Bachelor's Degree,Somewhat uncomfortable,"Yes, once",2,3,4,3,4,3,2,3,1,1,3,Social Security Number,,"Opening an account,Credit scoring and risk assessment,Compliance with legal obligations (e.g., anti-money laundering)",Extremely important,"Traditional PIIs like passwords, email, phone, etc be compromised",Currently working in or pursuing a career in Tech
2024-11-07 21:10:16,2024-11-07 21:15:13,IP Address,49.32.160.181,100,297,True,2024-11-07 21:15:14,R_407RBnktwOMK76N,,,,,19.0748,72.8856,anonymous,EN,18-24,Bachelor's Degree,Extremely uncomfortable,"Not personally, but I know someone who has",1,1,1,1,5,2,1,1,1,1,1,Biometric information,,"Opening an account,Loan application,Credit scoring and risk assessment,Compliance with legal obligations (e.g., anti-money laundering)",Extremely important,"Traditional PIIs like passwords, email, phone, etc be compromised",Currently working in or pursuing a career in Tech
2024-11-07 21:17:31,2024-11-07 21:19:49,IP Address,136.31.129.140,100,137,True,2024-11-07 21:19:50,R_52g4CvjbCFWHZo9,,,,,35.7633,-78.71,anonymous,EN,25-34,Master's Degree,Somewhat uncomfortable,"Yes, once",,5,5,,5,,,,3,,3,Social Security Number,,"Opening an account,Compliance with legal obligations (e.g., anti-money laundering)",Extremely important,"Biometric ( fingerprints, facial recognition) and Behavioral(phone use patterns, etc) PIIs be compromised",Currently working in or pursuing a career in Tech
2024-11-07 21:25:26,2024-11-07 21:27:48,IP Address,130.245.192.1,100,141,True,2024-11-07 21:27:49,R_6QrJYIhvntIa5rL,,,,,40.9076,-73.122,anonymous,EN,18-24,Bachelor's Degree,Somewhat comfortable,Not sure,1,5,3,3,2,5,5,3,1,3,1,Social Security Number,,"Opening an account,Loan application",Very important,"Traditional PIIs like passwords, email, phone, etc be compromised",Currently working in or pursuing a career in Tech
2024-11-07 21:27:56,2024-11-07 21:31:27,IP Address,76.38.16.192,100,210,True,2024-11-07 21:31:27,R_1Pj133W8FYba68N,,,,,35.7633,-78.71,anonymous,EN,18-24,Bachelor's Degree,Somewhat uncomfortable,"Not personally, but I know someone who has",1,3,2,3,5,1,5,1,2,1,3,Social Security Number,,"Opening an account,Compliance with legal obligations (e.g., anti-money laundering)",Extremely important,"Traditional PIIs like passwords, email, phone, etc be compromised",Currently working in or pursuing a career in Tech
2024-11-07 22:35:24,2024-11-07 22:38:00,IP Address,107.13.176.78,100,156,True,2024-11-07 22:38:01,R_30wapqtVjvFLA6v,,,,,35.7633,-78.71,anonymous,EN,18-24,Bachelor's Degree,Somewhat comfortable,"Yes, once",3,5,5,3,4,5,5,2,2,2,2,Social Security Number,,"Opening an account,Loan application,Credit scoring and risk assessment",Extremely important,"Traditional PIIs like passwords, email, phone, etc be compromised",Currently working in or pursuing a career in Tech
2024-11-07 22:36:53,2024-11-07 22:39:19,IP Address,76.38.17.38,100,146,True,2024-11-07 22:39:20,R_3175BuPhiur8PYi,,,,,35.7633,-78.71,anonymous,EN,18-24,Master's Degree,Somewhat uncomfortable,Not sure,1,3,1,1,1,1,1,1,1,1,1,Social Security Number,,Opening an account,Not at all important,"Biometric ( fingerprints, facial recognition) and Behavioral(phone use patterns, etc) PIIs be compromised",Not currently working in or pursuing a career in Tech
2024-11-07 22:35:30,2024-11-07 22:39:22,IP Address,76.38.17.38,100,231,True,2024-11-07 22:39:23,R_1iUUiZCzPSnrW4D,,,,,35.7633,-78.71,anonymous,EN,18-24,Bachelor's Degree,Extremely uncomfortable,"Yes, multiple times",2,5,3,3,5,4,1,4,1,1,3,Social Security Number,,"Opening an account,Loan application,Credit scoring and risk assessment,Compliance with legal obligations (e.g., anti-money laundering)",Very important,"Traditional PIIs like passwords, email, phone, etc be compromised",Currently working in or pursuing a career in Tech
2024-11-07 22:36:21,2024-11-07 22:39:35,IP Address,76.38.17.134,100,194,True,2024-11-07 22:39:36,R_5fs6JCJfUyI12PM,,,,,35.7633,-78.71,anonymous,EN,25-34,Master's Degree,Somewhat uncomfortable,"Yes, multiple times",5,5,5,5,5,3,1,1,1,5,5,Social Security Number,,"Loan application,Credit scoring and risk assessment,Compliance with legal obligations (e.g., anti-money laundering)",Extremely important,"Traditional PIIs like passwords, email, phone, etc be compromised",Currently working in or pursuing a career in Tech
2024-11-07 22:35:36,2024-11-07 22:39:36,IP Address,76.38.17.38,100,239,True,2024-11-07 22:39:36,R_3nPcTaJzIbOEhDT,,,,,35.7633,-78.71,anonymous,EN,18-24,Master's Degree,Neither comfortable nor uncomfortable,"Not personally, but I know someone who has",1,3,4,3,4,3,1,1,1,1,1,Social Security Number,,"Opening an account,Loan application,Credit scoring and risk assessment,Marketing of new products and services,Compliance with legal obligations (e.g., anti-money laundering)",Very important,"Traditional PIIs like passwords, email, phone, etc be compromised",Not currently working in or pursuing a career in Tech
2024-11-07 22:37:41,2024-11-07 22:40:09,IP Address,76.38.17.38,100,148,True,2024-11-07 22:40:10,R_6KQ8HlNedb3XBhI,,,,,35.7633,-78.71,anonymous,EN,18-24,Master's Degree,Somewhat comfortable,"No, never",5,5,5,5,4,5,5,5,5,5,5,Social Security Number,,Loan application,Moderately important,"Biometric ( fingerprints, facial recognition) and Behavioral(phone use patterns, etc) PIIs be compromised",Not currently working in or pursuing a career in Tech
2024-11-07 22:36:08,2024-11-07 22:40:19,IP Address,76.38.17.38,100,251,True,2024-11-07 22:40:20,R_13CqBr5PRiwBS4E,,,,,35.7633,-78.71,anonymous,EN,18-24,Bachelor's Degree,Neither comfortable nor uncomfortable,"No, never",2,4,3,3,4,3,2,2,1,1,2,Biometric information,,"Opening an account,Loan application,Credit scoring and risk assessment",Extremely important,"Traditional PIIs like passwords, email, phone, etc be compromised",Currently working in or pursuing a career in Tech
2024-11-07 22:39:02,2024-11-07 22:40:21,IP Address,76.38.17.38,100,79,True,2024-11-07 22:40:22,R_1eK0PfRqwRp9MFb,,,,,35.7633,-78.71,anonymous,EN,18-24,Master's Degree,Neither comfortable nor uncomfortable,"Not personally, but I know someone who has",1,3,5,3,3,3,2,5,3,3,3,Social Security Number,,Loan application,Slightly important,"Biometric ( fingerprints, facial recognition) and Behavioral(phone use patterns, etc) PIIs be compromised",Prefer not to answer
2024-11-07 22:51:18,2024-11-07 22:53:51,IP Address,71.69.164.17,100,153,True,2024-11-07 22:53:51,R_31p9h2qE5pPitGy,,,,,35.7614,-78.6015,anonymous,EN,45-54,High School,Extremely uncomfortable,Not sure,1,2,1,1,1,2,1,1,1,1,1,Social Security Number,,"Opening an account,Loan application,Credit scoring and risk assessment",Extremely important,"Traditional PIIs like passwords, email, phone, etc be compromised",Not currently working in or pursuing a career in Tech
2024-11-07 23:26:54,2024-11-07 23:28:26,IP Address,76.38.16.97,100,92,True,2024-11-07 23:28:27,R_1i8XhsP8rGRWjbV,,,,,35.7633,-78.71,anonymous,EN,18-24,Master's Degree,Neither comfortable nor uncomfortable,"Yes, once",1,5,3,1,5,5,5,5,5,3,1,Social Security Number,,"Opening an account,Loan application",Very important,"Traditional PIIs like passwords, email, phone, etc be compromised",Currently working in or pursuing a career in Tech
2024-11-08 10:15:23,2024-11-08 10:17:46,IP Address,104.28.79.103,100,143,True,2024-11-08 10:17:46,R_59TxtDp9D8PKyoV,,,,,36.0972,-80.2361,anonymous,EN,18-24,Associate's Degree,Neither comfortable nor uncomfortable,"Not personally, but I know someone who has",2,5,5,5,5,4,3,3,1,1,1,Social Security Number,,"Opening an account,Compliance with legal obligations (e.g., anti-money laundering)",Extremely important,"Traditional PIIs like passwords, email, phone, etc be compromised",Not currently working in or pursuing a career in Tech
2024-11-08 10:16:09,2024-11-08 10:18:35,IP Address,76.38.17.144,100,145,True,2024-11-08 10:18:35,R_7q2jkQn8Hc6NDPx,,,,,35.7633,-78.71,anonymous,EN,18-24,Bachelor's Degree,Somewhat comfortable,"Yes, once",0,4,3,2,3,4,2,3,1,2,1,Social Security Number,,Opening an account,Extremely important,"Biometric ( fingerprints, facial recognition) and Behavioral(phone use patterns, etc) PIIs be compromised",Not currently working in or pursuing a career in Tech
2024-11-08 10:20:25,2024-11-08 10:21:26,IP Address,76.38.17.150,100,60,True,2024-11-08 10:21:26,R_5N9RjbiYtmZCZxS,,,,,35.7633,-78.71,anonymous,EN,25-34,Bachelor's Degree,Extremely uncomfortable,"No, never",1,1,1,1,1,1,1,1,1,1,1,Social Security Number,,,Extremely important,"Biometric ( fingerprints, facial recognition) and Behavioral(phone use patterns, etc) PIIs be compromised",Prefer not to answer
2024-11-08 10:21:06,2024-11-08 10:23:51,IP Address,152.7.255.195,100,165,True,2024-11-08 10:23:52,R_6eP39SUOhuJTJGp,,,,,35.7633,-78.71,anonymous,EN,35-44,Master's Degree,Somewhat comfortable,"Yes, once",3,5,4,4,4,5,4,4,1,1,1,Biometric information,,"Opening an account,Loan application,Compliance with legal obligations (e.g., anti-money laundering)",Extremely important,"Traditional PIIs like passwords, email, phone, etc be compromised",Not currently working in or pursuing a career in Tech
2024-11-08 10:24:13,2024-11-08 10:24:42,IP Address,152.7.255.201,100,29,True,2024-11-08 10:24:43,R_3nufN3k19svMNcR,,,,,35.7633,-78.71,anonymous,EN,25-34,Bachelor's Degree,Somewhat uncomfortable,"Yes, multiple times",,5,,,5,,,,,,,,,,,,
2024-11-08 10:25:05,2024-11-08 10:26:48,IP Address,140.248.0.250,100,102,True,2024-11-08 10:26:48,R_8E0DKzu2cZbqKhh,,,,,35.7704,-78.6293,anonymous,EN,18-24,Master's Degree,Neither comfortable nor uncomfortable,"Not personally, but I know someone who has",3,5,3,3,3,2,5,3,1,4,2,Social Security Number,,"Opening an account,Loan application",Moderately important,"Biometric ( fingerprints, facial recognition) and Behavioral(phone use patterns, etc) PIIs be compromised",Not currently working in or pursuing a career in Tech
2024-11-08 10:24:47,2024-11-08 10:27:48,IP Address,152.7.255.202,100,181,True,2024-11-08 10:27:49,R_1zj7LMjK3R2kk7G,,,,,35.7633,-78.71,anonymous,EN,18-24,Bachelor's Degree,Neither comfortable nor uncomfortable,"No, never",1,3,1,1,3,1,1,1,1,1,1,Date of Birth,,"Opening an account,Loan application,Credit scoring and risk assessment",Extremely important,"Traditional PIIs like passwords, email, phone, etc be compromised",Currently working in or pursuing a career in Tech
2024-11-08 10:26:23,2024-11-08 10:27:54,IP Address,5.182.32.12,100,90,True,2024-11-08 10:27:54,R_7vrhKlSB7gX67fj,,,,,35.2316,-80.8428,anonymous,EN,25-34,Master's Degree,Somewhat uncomfortable,"Not personally, but I know someone who has",1,5,3,1,3,1,1,1,1,1,1,Social Security Number,,"Opening an account,Loan application,Credit scoring and risk assessment,Marketing of new products and services,Compliance with legal obligations (e.g., anti-money laundering)",Extremely important,"Biometric ( fingerprints, facial recognition) and Behavioral(phone use patterns, etc) PIIs be compromised",Currently working in or pursuing a career in Tech
2024-11-08 10:26:28,2024-11-08 10:28:05,IP Address,106.222.228.112,100,97,True,2024-11-08 10:28:06,R_4MMOUZPKaU3yOtA,,,,,17.3724,78.4378,anonymous,EN,,Other,,,,2,,,,,,,,,,,,,,,
2024-11-08 10:26:36,2024-11-08 10:28:25,IP Address,76.38.16.139,100,108,True,2024-11-08 10:28:25,R_3iqfKWUWagaeulr,,,,,35.7633,-78.71,anonymous,EN,18-24,Bachelor's Degree,Extremely uncomfortable,"Not personally, but I know someone who has",,,,0,,,,,,,,Biometric information,,,Extremely important,"Traditional PIIs like passwords, email, phone, etc be compromised",Currently working in or pursuing a career in Tech
2024-11-08 10:28:10,2024-11-08 10:29:11,IP Address,107.13.161.230,100,61,True,2024-11-08 10:29:12,R_863eRyPPJ8aQ4ub,,,,,35.7614,-78.6015,anonymous,EN,,,,,,,,,,,,,,,,,,,,,
2024-11-08 10:27:13,2024-11-08 10:29:13,IP Address,107.13.170.210,100,120,True,2024-11-08 10:29:14,R_6hV4ezIDHnUHsU9,,,,,35.7633,-78.71,anonymous,EN,18-24,Bachelor's Degree,Somewhat uncomfortable,"Yes, once",5,5,5,5,5,4,3,5,5,5,5,Biometric information,,"Opening an account,Loan application",Extremely important,"Traditional PIIs like passwords, email, phone, etc be compromised",Currently working in or pursuing a career in Tech
2024-11-08 10:26:38,2024-11-08 10:31:06,IP Address,122.164.192.95,100,268,True,2024-11-08 10:31:07,R_4t1nlaVmagjChfH,,,,,17.3724,78.4378,anonymous,EN,35-44,Master's Degree,Somewhat comfortable,"Yes, once",1,5,5,4,4,1,3,3,1,3,3,Biometric information,,"Opening an account,Loan application,Credit scoring and risk assessment",Extremely important,"Traditional PIIs like passwords, email, phone, etc be compromised",Currently working in or pursuing a career in Tech
2024-11-08 10:29:45,2024-11-08 10:31:50,IP Address,152.7.255.193,100,124,True,2024-11-08 10:31:51,R_103wwnjJkR5QCml,,,,,35.7633,-78.71,anonymous,EN,18-24,Bachelor's Degree,Somewhat uncomfortable,"Not personally, but I know someone who has",1,5,3,1,1,3,3,3,1,3,3,Biometric information,,"Opening an account,Loan application,Credit scoring and risk assessment,Marketing of new products and services,Compliance with legal obligations (e.g., anti-money laundering)",Extremely important,"Traditional PIIs like passwords, email, phone, etc be compromised",Currently working in or pursuing a career in Tech
2024-11-08 10:29:12,2024-11-08 10:31:55,IP Address,152.7.255.196,100,162,True,2024-11-08 10:31:55,R_5IWAKfqlVwM0cR6,,,,,35.7633,-78.71,anonymous,EN,25-34,Master's Degree,Somewhat comfortable,"No, never",,5,,,5,,,,,,,Social Security Number,,Opening an account,Extremely important,"Biometric ( fingerprints, facial recognition) and Behavioral(phone use patterns, etc) PIIs be compromised",Not currently working in or pursuing a career in Tech
2024-11-08 10:30:31,2024-11-08 10:32:22,IP Address,172.59.223.26,100,110,True,2024-11-08 10:32:22,R_5974js3bEwdwOmB,,,,,35.2426,-80.741,anonymous,EN,18-24,Master's Degree,Extremely uncomfortable,"Not personally, but I know someone who has",1,1,1,1,3,1,1,1,1,1,1,Social Security Number,,Opening an account,Extremely important,"Traditional PIIs like passwords, email, phone, etc be compromised",Prefer not to answer
2024-11-08 10:30:27,2024-11-08 10:32:45,IP Address,107.115.227.117,100,137,True,2024-11-08 10:32:46,R_3LHV9Vk3gkB2c4F,,,,,25.7612,-80.3137,anonymous,EN,25-34,Master's Degree,Somewhat comfortable,"No, never",1,5,5,5,5,5,5,5,1,1,1,Social Security Number,,"Opening an account,Loan application,Compliance with legal obligations (e.g., anti-money laundering)",Extremely important,"Traditional PIIs like passwords, email, phone, etc be compromised",Currently working in or pursuing a career in Tech
2024-11-08 10:32:05,2024-11-08 10:36:51,IP Address,106.222.228.112,100,285,True,2024-11-08 10:36:51,R_4muPNzzI8ejVJ97,,,,,17.3724,78.4378,anonymous,EN,25-34,Bachelor's Degree,Extremely uncomfortable,"Not personally, but I know someone who has",5,4,5,4,4,4,4,4,4,4,4,Personal Address,,Opening an account,Not at all important,"Traditional PIIs like passwords, email, phone, etc be compromised",Not currently working in or pursuing a career in Tech
2024-11-08 10:35:16,2024-11-08 10:37:05,IP Address,71.251.209.20,100,109,True,2024-11-08 10:37:06,R_3dnWaowXLWeP2PP,,,,,40.7182,-74.0476,anonymous,EN,25-34,Master's Degree,Somewhat comfortable,Not sure,3,4,4,3,5,4,3,3,1,2,3,Social Security Number,,"Opening an account,Loan application,Credit scoring and risk assessment",Extremely important,"Traditional PIIs like passwords, email, phone, etc be compromised",Currently working in or pursuing a career in Tech
2024-11-08 10:39:04,2024-11-08 10:41:21,IP Address,152.7.255.202,100,136,True,2024-11-08 10:41:22,R_3swrgDufW8ncq8F,,,,,35.7633,-78.71,anonymous,EN,25-34,Master's Degree,Somewhat uncomfortable,"Not personally, but I know someone who has",1,1,1,1,1,1,1,1,1,1,1,Social Security Number,,"Opening an account,Compliance with legal obligations (e.g., anti-money laundering)",Extremely important,"Biometric ( fingerprints, facial recognition) and Behavioral(phone use patterns, etc) PIIs be compromised",Prefer not to answer
2024-11-08 10:41:42,2024-11-08 10:43:12,IP Address,76.38.16.69,100,89,True,2024-11-08 10:43:13,R_6Gqe3b3VaZ9zjk2,,,,,35.7633,-78.71,anonymous,EN,18-24,Bachelor's Degree,Neither comfortable nor uncomfortable,"Not personally, but I know someone who has",5,2,2,2,2,2,2,2,4,4,4,Social Security Number,,Opening an account,Very important,"Biometric ( fingerprints, facial recognition) and Behavioral(phone use patterns, etc) PIIs be compromised",Not currently working in or pursuing a career in Tech
2024-11-08 10:39:06,2024-11-08 10:43:43,IP Address,69.166.116.101,100,277,True,2024-11-08 10:43:44,R_7gOAsbNxNb55lvb,,,,,43.6547,-79.3623,anonymous,EN,35-44,Master's Degree,Extremely comfortable,"No, never",,5,5,5,5,5,3,5,3,5,4,Social Security Number,,"Opening an account,Loan application,Marketing of new products and services,Compliance with legal obligations (e.g., anti-money laundering)",Extremely important,"Traditional PIIs like passwords, email, phone, etc be compromised",Currently working in or pursuing a career in Tech
2024-11-08 10:30:59,2024-11-08 10:48:25,IP Address,152.58.50.192,100,1045,True,2024-11-08 10:48:26,R_4FEfEX56uAL3WzD,,,,,19.0748,72.8856,anonymous,EN,18-24,Bachelor's Degree,Somewhat uncomfortable,"Yes, multiple times",1,5,3,2,4,2,4,1,1,1,1,Personal Address,,"Opening an account,Loan application,Credit scoring and risk assessment,Compliance with legal obligations (e.g., anti-money laundering)",Extremely important,"Traditional PIIs like passwords, email, phone, etc be compromised",Currently working in or pursuing a career in Tech
2024-11-08 10:46:15,2024-11-08 10:48:39,IP Address,152.7.255.196,100,143,True,2024-11-08 10:48:39,R_11gpm8p6iQZogEm,,,,,35.7633,-78.71,anonymous,EN,18-24,Bachelor's Degree,Neither comfortable nor uncomfortable,"Not personally, but I know someone who has",1,4,2,2,4,4,2,1,1,1,1,Social Security Number,,"Opening an account,Loan application",Extremely important,"Traditional PIIs like passwords, email, phone, etc be compromised",Currently working in or pursuing a career in Tech
2024-11-08 10:48:24,2024-11-08 10:50:24,IP Address,162.120.144.96,100,120,True,2024-11-08 10:50:24,R_7QQP6o8P9uRmqBo,,,,,35.7965,-78.7981,anonymous,EN,18-24,Master's Degree,Extremely uncomfortable,"Yes, multiple times",1,5,2,1,4,1,5,5,1,1,1,Date of Birth,,Opening an account,Very important,"Traditional PIIs like passwords, email, phone, etc be compromised",Currently working in or pursuing a career in Tech
2024-11-08 10:48:51,2024-11-08 10:51:29,IP Address,172.58.254.9,100,158,True,2024-11-08 10:51:29,R_5Ua6UHs84U7G41c,,,,,35.2916,-80.8201,anonymous,EN,18-24,Master's Degree,Somewhat comfortable,"Not personally, but I know someone who has",,4,4,0,4,,,,,,,Social Security Number,,"Opening an account,Loan application",Extremely important,"Traditional PIIs like passwords, email, phone, etc be compromised",Currently working in or pursuing a career in Tech
2024-11-08 10:48:26,2024-11-08 10:51:32,IP Address,152.7.255.197,100,186,True,2024-11-08 10:51:32,R_53xAy9pvZniMgMN,,,,,35.7633,-78.71,anonymous,EN,18-24,Bachelor's Degree,Somewhat comfortable,"Not personally, but I know someone who has",2,5,4,4,4,5,3,3,2,2,3,Social Security Number,,"Opening an account,Loan application,Credit scoring and risk assessment",Very important,"Traditional PIIs like passwords, email, phone, etc be compromised",Not currently working in or pursuing a career in Tech
2024-11-08 10:49:37,2024-11-08 10:52:09,IP Address,107.13.169.31,100,151,True,2024-11-08 10:52:10,R_7M4YJIKJqFCpzhC,,,,,35.7633,-78.71,anonymous,EN,25-34,Master's Degree,Neither comfortable nor uncomfortable,"Not personally, but I know someone who has",3,5,5,4,5,5,3,4,3,5,4,Social Security Number,,"Loan application,Credit scoring and risk assessment,Compliance with legal obligations (e.g., anti-money laundering)",Very important,"Traditional PIIs like passwords, email, phone, etc be compromised",Currently working in or pursuing a career in Tech
2024-11-08 10:52:24,2024-11-08 10:53:52,IP Address,184.185.222.8,100,87,True,2024-11-08 10:53:52,R_1c7KoGCt4oIydtD,,,,,29.6475,-82.404,anonymous,EN,18-24,Master's Degree,Somewhat uncomfortable,"Not personally, but I know someone who has",,1,,,,,,,,,,Social Security Number,,Opening an account,Extremely important,"Traditional PIIs like passwords, email, phone, etc be compromised",Currently working in or pursuing a career in Tech
2024-11-08 10:54:51,2024-11-08 10:56:38,IP Address,152.7.255.197,100,107,True,2024-11-08 10:56:39,R_6MicyD8V5H90lzv,,,,,35.7633,-78.71,anonymous,EN,18-24,Master's Degree,Extremely comfortable,"No, never",5,5,5,5,5,5,5,5,5,5,5,Social Security Number,,"Opening an account,Loan application",Slightly important,"Traditional PIIs like passwords, email, phone, etc be compromised",Not currently working in or pursuing a career in Tech
2024-11-08 10:55:15,2024-11-08 10:56:48,IP Address,69.132.183.77,100,93,True,2024-11-08 10:56:49,R_1UgXFqS0L1yxSmX,,,,,35.1947,-80.744,anonymous,EN,18-24,Master's Degree,Neither comfortable nor uncomfortable,"Not personally, but I know someone who has",2,3,2,2,2,2,1,2,1,2,2,Social Security Number,,"Opening an account,Loan application",Moderately important,"Traditional PIIs like passwords, email, phone, etc be compromised",Currently working in or pursuing a career in Tech
2024-11-08 10:51:36,2024-11-08 10:56:56,IP Address,172.56.75.231,100,320,True,2024-11-08 10:56:57,R_51gl8KQvSRud989,,,,,28.5521,-81.301,anonymous,EN,18-24,Master's Degree,Somewhat comfortable,"Yes, multiple times",3,5,4,4,4,4,4,1,1,1,1,Social Security Number,,"Opening an account,Loan application",Extremely important,"Traditional PIIs like passwords, email, phone, etc be compromised",Currently working in or pursuing a career in Tech
2024-11-08 11:01:29,2024-11-08 11:03:18,IP Address,76.38.17.148,100,109,True,2024-11-08 11:03:18,R_6TZaesTUVZrCwOV,,,,,35.7633,-78.71,anonymous,EN,18-24,Master's Degree,Somewhat uncomfortable,"No, never",1,1,1,1,1,1,1,1,1,1,1,Date of Birth,,"Opening an account,Loan application,Credit scoring and risk assessment",Extremely important,"Traditional PIIs like passwords, email, phone, etc be compromised",Prefer not to answer
2024-11-08 11:00:16,2024-11-08 11:03:48,IP Address,152.59.34.72,100,211,True,2024-11-08 11:03:49,R_4e2nO5ZWZPOP7XD,,,,,21.1888,72.8293,anonymous,EN,25-34,Bachelor's Degree,Somewhat uncomfortable,Not sure,2,4,1,4,1,1,4,1,1,1,1,Personal Address,,Opening an account,Moderately important,"Traditional PIIs like passwords, email, phone, etc be compromised",Currently working in or pursuing a career in Tech
2024-11-08 11:05:54,2024-11-08 11:08:35,IP Address,172.59.208.218,100,161,True,2024-11-08 11:08:36,R_5FRT67hXiGzH57P,,,,,40.7597,-74.1836,anonymous,EN,25-34,Master's Degree,Extremely uncomfortable,"Not personally, but I know someone who has",0,3,0,0,3,1,3,2,0,0,0,Social Security Number,,"Credit scoring and risk assessment,Compliance with legal obligations (e.g., anti-money laundering)",Very important,"Traditional PIIs like passwords, email, phone, etc be compromised",Currently working in or pursuing a career in Tech
2024-11-08 11:11:13,2024-11-08 11:12:27,IP Address,76.38.16.89,100,74,True,2024-11-08 11:12:28,R_1DEeBQrIHMkXl8B,,,,,35.7633,-78.71,anonymous,EN,18-24,Bachelor's Degree,Neither comfortable nor uncomfortable,"Not personally, but I know someone who has",1,5,3,5,3,1,4,1,1,1,1,Social Security Number,,Credit scoring and risk assessment,Moderately important,"Traditional PIIs like passwords, email, phone, etc be compromised",Currently working in or pursuing a career in Tech
2024-11-08 11:11:20,2024-11-08 11:13:10,IP Address,76.38.17.148,100,110,True,2024-11-08 11:13:11,R_6tfd7T1DWgn3XcZ,,,,,35.7633,-78.71,anonymous,EN,18-24,Bachelor's Degree,Somewhat uncomfortable,"Not personally, but I know someone who has",1,5,3,3,5,5,5,3,1,1,1,Biometric information,,"Opening an account,Loan application,Credit scoring and risk assessment,Compliance with legal obligations (e.g., anti-money laundering)",Slightly important,"Traditional PIIs like passwords, email, phone, etc be compromised",Currently working in or pursuing a career in Tech
2024-11-08 11:11:05,2024-11-08 11:14:49,IP Address,172.225.111.86,100,223,True,2024-11-08 11:14:49,R_7DhwWZ3nBiLdZrc,,,,,36.0972,-80.2361,anonymous,EN,18-24,Master's Degree,Somewhat comfortable,"No, never",1,5,4,4,2,3,1,3,1,1,1,Social Security Number,,"Opening an account,Loan application,Credit scoring and risk assessment,Compliance with legal obligations (e.g., anti-money laundering)",Extremely important,"Traditional PIIs like passwords, email, phone, etc be compromised",Currently working in or pursuing a career in Tech
2024-11-08 11:16:59,2024-11-08 11:19:51,IP Address,172.59.70.143,100,171,True,2024-11-08 11:19:51,R_1irIZ2tEJzx9yvi,,,,,30.2755,-81.5815,anonymous,EN,18-24,Master's Degree,Somewhat comfortable,"Not personally, but I know someone who has",1,5,5,4,5,5,4,3,4,4,3,Social Security Number,,Opening an account,Very important,"Traditional PIIs like passwords, email, phone, etc be compromised",Currently working in or pursuing a career in Tech
2024-11-08 11:23:23,2024-11-08 11:25:09,IP Address,152.7.255.196,100,105,True,2024-11-08 11:25:09,R_7DqjyKGuuc3ALyn,,,,,35.7633,-78.71,anonymous,EN,25-34,Master's Degree,Somewhat comfortable,"No, never",0,2,1,0,3,1,2,2,0,0,0,Social Security Number,,"Opening an account,Loan application,Credit scoring and risk assessment",Extremely important,"Traditional PIIs like passwords, email, phone, etc be compromised",Not currently working in or pursuing a career in Tech
2024-11-08 11:28:37,2024-11-08 11:31:10,IP Address,172.59.218.74,100,153,True,2024-11-08 11:31:11,R_6rlghSBoIF6Devi,,,,,35.2916,-80.8201,anonymous,EN,25-34,Bachelor's Degree,Somewhat comfortable,"Yes, once",2,5,5,3,5,4,4,4,1,2,3,Social Security Number,,"Opening an account,Loan application",Extremely important,"Traditional PIIs like passwords, email, phone, etc be compromised",Currently working in or pursuing a career in Tech
2024-11-08 11:59:12,2024-11-08 12:04:39,IP Address,103.181.54.47,100,327,True,2024-11-08 12:04:40,R_4O2lL9padNBq4Q0,,,,,19.0748,72.8856,anonymous,EN,18-24,Master's Degree,Neither comfortable nor uncomfortable,"Not personally, but I know someone who has",0,5,0,0,0,0,0,0,0,0,0,Social Security Number,,"Opening an account,Loan application,Credit scoring and risk assessment",Extremely important,"Traditional PIIs like passwords, email, phone, etc be compromised",Currently working in or pursuing a career in Tech
2024-11-08 12:06:05,2024-11-08 12:07:33,IP Address,49.43.234.115,100,87,True,2024-11-08 12:07:33,R_4Rw53p3C174vZgv,,,,,17.3724,78.4378,anonymous,EN,18-24,Bachelor's Degree,Neither comfortable nor uncomfortable,"No, never",1,5,1,1,3,2,2,1,1,1,1,Social Security Number,,,,,
2024-11-08 12:08:12,2024-11-08 12:10:43,IP Address,76.38.17.15,100,151,True,2024-11-08 12:10:44,R_7yK9uLwtZqBx13b,,,,,35.7633,-78.71,anonymous,EN,18-24,Bachelor's Degree,Extremely comfortable,Not sure,1,0,0,5,5,5,5,5,3,3,4,Social Security Number,,"Opening an account,Loan application,Credit scoring and risk assessment,Compliance with legal obligations (e.g., anti-money laundering)",Extremely important,"Traditional PIIs like passwords, email, phone, etc be compromised",Currently working in or pursuing a career in Tech
2024-11-08 12:16:19,2024-11-08 12:19:22,IP Address,152.7.255.197,100,182,True,2024-11-08 12:19:22,R_3BtisOawHzoVk4O,,,,,35.7633,-78.71,anonymous,EN,18-24,Bachelor's Degree,Somewhat uncomfortable,"Yes, once",2,5,5,2,2,5,2,2,1,2,1,Social Security Number,,"Opening an account,Loan application,Credit scoring and risk assessment",Extremely important,"Biometric ( fingerprints, facial recognition) and Behavioral(phone use patterns, etc) PIIs be compromised",Currently working in or pursuing a career in Tech
2024-11-08 12:19:45,2024-11-08 12:20:58,IP Address,69.250.65.87,100,73,True,2024-11-08 12:20:59,R_6HhSUVpB8aRo7cp,,,,,39.3361,-76.5389,anonymous,EN,18-24,Master's Degree,Extremely uncomfortable,"Not personally, but I know someone who has",,5,3,,5,,,,,,,Social Security Number,,Credit scoring and risk assessment,Extremely important,"Biometric ( fingerprints, facial recognition) and Behavioral(phone use patterns, etc) PIIs be compromised",Currently working in or pursuing a career in Tech
2024-11-08 12:26:30,2024-11-08 12:29:56,IP Address,71.69.163.1,100,206,True,2024-11-08 12:29:57,R_7O7lOJmeL0O8qER,,,,,35.7614,-78.6015,anonymous,EN,18-24,Master's Degree,Neither comfortable nor uncomfortable,"No, never",1,5,5,5,5,5,5,5,1,1,5,Social Security Number,,"Opening an account,Loan application",Extremely important,"Traditional PIIs like passwords, email, phone, etc be compromised",Currently working in or pursuing a career in Tech
2024-11-08 12:47:20,2024-11-08 12:50:51,IP Address,76.38.16.101,100,210,True,2024-11-08 12:50:52,R_638dzPMVMHNbuxj,,,,,35.7633,-78.71,anonymous,EN,25-34,Bachelor's Degree,Somewhat uncomfortable,"No, never",1,4,4,3,5,3,1,1,1,3,3,Biometric information,,"Opening an account,Loan application,Credit scoring and risk assessment,Compliance with legal obligations (e.g., anti-money laundering)",Very important,"Traditional PIIs like passwords, email, phone, etc be compromised",Currently working in or pursuing a career in Tech
2024-11-08 13:30:32,2024-11-08 13:32:10,IP Address,172.59.219.249,100,98,True,2024-11-08 13:32:10,R_6lhtENPDYL1D4lK,,,,,35.2916,-80.8201,anonymous,EN,18-24,Bachelor's Degree,Somewhat uncomfortable,Not sure,,3,3,,3,,,,,,,Social Security Number,,Loan application,Very important,"Biometric ( fingerprints, facial recognition) and Behavioral(phone use patterns, etc) PIIs be compromised",Currently working in or pursuing a career in Tech
2024-11-08 13:29:32,2024-11-08 13:33:12,IP Address,49.43.228.187,100,219,True,2024-11-08 13:33:13,R_4VkDkg94gmC35Zo,,,,,17.3724,78.4378,anonymous,EN,18-24,Bachelor's Degree,Somewhat uncomfortable,"Yes, multiple times",0,5,0,,,5,5,1,,,2,Social Security Number,,"Opening an account,Loan application,Compliance with legal obligations (e.g., anti-money laundering)",Extremely important,"Traditional PIIs like passwords, email, phone, etc be compromised",Currently working in or pursuing a career in Tech
2024-11-08 13:40:07,2024-11-08 13:43:52,IP Address,120.22.224.212,100,224,True,2024-11-08 13:43:53,R_4dNzJLP7FoJeMGz,,,,,-27.5586,153.0981,anonymous,EN,25-34,Master's Degree,Neither comfortable nor uncomfortable,"Yes, once",,,5,,5,5,,,,5,,Personal Address,,"Opening an account,Loan application,Credit scoring and risk assessment,Compliance with legal obligations (e.g., anti-money laundering)",Extremely important,"Biometric ( fingerprints, facial recognition) and Behavioral(phone use patterns, etc) PIIs be compromised",Currently working in or pursuing a career in Tech
2024-11-08 14:08:59,2024-11-08 14:11:23,IP Address,49.182.148.173,100,143,True,2024-11-08 14:11:24,R_4g6YeVyGiceahoV,,,,,-27.4946,153.0621,anonymous,EN,25-34,Bachelor's Degree,Extremely uncomfortable,"Not personally, but I know someone who has",5,5,4,2,5,1,3,1,1,5,1,Biometric information,,"Opening an account,Loan application",Extremely important,"Traditional PIIs like passwords, email, phone, etc be compromised",Currently working in or pursuing a career in Tech
2024-11-08 14:11:49,2024-11-08 14:13:56,IP Address,67.21.0.116,100,127,True,2024-11-08 14:13:57,R_1G5qAtN4N8ng4X7,,,,,37.386,-122.0144,anonymous,EN,18-24,Master's Degree,Extremely comfortable,"No, never",3,5,5,5,5,5,5,5,2,5,3,Social Security Number,,"Opening an account,Loan application,Credit scoring and risk assessment,Compliance with legal obligations (e.g., anti-money laundering)",Very important,"Traditional PIIs like passwords, email, phone, etc be compromised",Currently working in or pursuing a career in Tech
2024-11-08 15:13:58,2024-11-08 15:16:08,IP Address,136.56.55.21,100,129,True,2024-11-08 15:16:08,R_50BJkytIuJXeHw5,,,,,35.7633,-78.71,anonymous,EN,18-24,Bachelor's Degree,Somewhat uncomfortable,"No, never",1,4,2,1,5,2,4,2,1,1,1,Social Security Number,,"Loan application,Credit scoring and risk assessment",Moderately important,"Traditional PIIs like passwords, email, phone, etc be compromised",Currently working in or pursuing a career in Tech
2024-11-08 15:27:02,2024-11-08 15:28:40,IP Address,76.244.23.224,100,98,True,2024-11-08 15:28:41,R_5TcThZ56DtsdhV7,,,,,35.0562,-80.8194,anonymous,EN,18-24,High School,Somewhat uncomfortable,"Yes, once",1,5,2,2,3,1,1,1,1,1,1,Social Security Number,,"Loan application,Credit scoring and risk assessment",Extremely important,"Biometric ( fingerprints, facial recognition) and Behavioral(phone use patterns, etc) PIIs be compromised",Currently working in or pursuing a career in Tech
2024-11-08 15:54:15,2024-11-08 16:04:15,IP Address,106.76.194.138,100,599,True,2024-11-08 16:04:16,R_4jGA6VlaKZ2XRHH,,,,,17.3724,78.4378,anonymous,EN,45-54,Bachelor's Degree,Neither comfortable nor uncomfortable,"Not personally, but I know someone who has",5,5,5,5,5,5,5,5,0,5,0,Biometric information,,"Opening an account,Loan application,Credit scoring and risk assessment,Marketing of new products and services,Compliance with legal obligations (e.g., anti-money laundering)",Extremely important,"Traditional PIIs like passwords, email, phone, etc be compromised",Prefer not to answer
2024-11-08 17:54:29,2024-11-08 17:55:32,IP Address,107.13.167.135,100,62,True,2024-11-08 17:55:32,R_7IXJZdBNNYYNZPe,,,,,35.7614,-78.6015,anonymous,EN,,,,,,,,,,5,,,,,5,,,,,,
2024-11-08 18:28:14,2024-11-08 18:30:02,IP Address,152.7.255.193,100,107,True,2024-11-08 18:30:03,R_1bZ8hn4qXgHYdEt,,,,,35.7633,-78.71,anonymous,EN,18-24,Bachelor's Degree,Somewhat uncomfortable,"Not personally, but I know someone who has",1,5,4,3,5,4,3,3,1,3,4,Social Security Number,,"Opening an account,Loan application,Compliance with legal obligations (e.g., anti-money laundering)",Very important,"Traditional PIIs like passwords, email, phone, etc be compromised",Currently working in or pursuing a career in Tech
2024-11-08 19:44:29,2024-11-08 19:45:57,IP Address,172.72.110.232,100,87,True,2024-11-08 19:45:58,R_3MQYfRnKwFOEzx6,,,,,35.1341,-80.9221,anonymous,EN,25-34,Master's Degree,Somewhat comfortable,"Yes, once",1,5,5,3,4,5,3,2,1,1,1,Social Security Number,,"Opening an account,Loan application",Very important,"Traditional PIIs like passwords, email, phone, etc be compromised",Currently working in or pursuing a career in Tech
2024-11-08 19:45:25,2024-11-08 19:47:29,IP Address,136.31.129.180,100,124,True,2024-11-08 19:47:30,R_1f1f7K3ZBlBAxhs,,,,,35.7633,-78.71,anonymous,EN,18-24,Bachelor's Degree,Somewhat uncomfortable,"Not personally, but I know someone who has",,5,2,2,4,5,4,,,,,Social Security Number,,"Opening an account,Loan application",Extremely important,"Traditional PIIs like passwords, email, phone, etc be compromised",Currently working in or pursuing a career in Tech
2024-11-08 21:43:59,2024-11-08 21:50:07,IP Address,67.183.211.237,100,368,True,2024-11-08 21:50:08,R_7jvOaYlhW5U0lqh,,,,,47.6722,-122.1257,anonymous,EN,25-34,Bachelor's Degree,Neither comfortable nor uncomfortable,Not sure,1,1,1,1,1,1,1,1,1,1,1,Social Security Number,,"Opening an account,Loan application,Credit scoring and risk assessment,Marketing of new products and services,Compliance with legal obligations (e.g., anti-money laundering)",Extremely important,"Traditional PIIs like passwords, email, phone, etc be compromised",Prefer not to answer
2024-11-08 23:42:44,2024-11-08 23:45:43,IP Address,76.38.17.182,100,178,True,2024-11-08 23:45:43,R_1cnQ9CSf9jwkQsV,,,,,35.7633,-78.71,anonymous,EN,18-24,Bachelor's Degree,Extremely comfortable,"Yes, once",,2,1,1,1,,,,,,,Social Security Number,,Loan application,Extremely important,"Traditional PIIs like passwords, email, phone, etc be compromised",Not currently working in or pursuing a career in Tech
2024-11-08 23:53:00,2024-11-08 23:53:28,IP Address,136.31.129.151,100,27,True,2024-11-08 23:53:28,R_3MaHZm9se6oUKdP,,,,,35.7633,-78.71,anonymous,EN,,,,,,,,,,,,,,,,,,,,,
2024-11-09 06:50:30,2024-11-09 06:52:44,IP Address,152.59.193.166,100,134,True,2024-11-09 06:52:45,R_4Lq8pSCXfpWpO2B,,,,,17.3724,78.4378,anonymous,EN,18-24,Bachelor's Degree,Somewhat uncomfortable,"Not personally, but I know someone who has",,3,,,3,3,4,2,,,0,Biometric information,,"Opening an account,Loan application",Extremely important,"Traditional PIIs like passwords, email, phone, etc be compromised",Currently working in or pursuing a career in Tech
2024-11-09 09:08:49,2024-11-09 09:11:58,IP Address,50.72.217.204,100,189,True,2024-11-09 09:11:58,R_3e32nJH08JyJD4w,,,,,48.3566,-89.4661,anonymous,EN,25-34,Master's Degree,Somewhat uncomfortable,"Not personally, but I know someone who has",2,5,3,3,4,5,2,3,3,2,3,Social Security Number,,Opening an account,Extremely important,"Traditional PIIs like passwords, email, phone, etc be compromised",Currently working in or pursuing a career in Tech
2024-11-09 10:39:12,2024-11-09 10:42:36,IP Address,49.37.156.192,100,203,True,2024-11-09 10:42:37,R_4jUFkzdl8yRYFat,,,,,17.3724,78.4378,anonymous,EN,18-24,Bachelor's Degree,Somewhat comfortable,"No, never",1,4,3,1,3,3,5,1,1,1,1,Biometric information,,"Opening an account,Loan application,Credit scoring and risk assessment",Extremely important,"Traditional PIIs like passwords, email, phone, etc be compromised",Currently working in or pursuing a career in Tech
2024-11-09 11:57:17,2024-11-09 12:01:31,IP Address,166.198.25.51,100,253,True,2024-11-09 12:01:31,R_5QrMIyfoWIT34m0,,,,,40.8142,-73.9081,anonymous,EN,18-24,Master's Degree,Extremely uncomfortable,"Yes, multiple times",1,5,5,3,4,5,3,1,1,,,Biometric information,,"Opening an account,Loan application,Compliance with legal obligations (e.g., anti-money laundering)",Extremely important,"Traditional PIIs like passwords, email, phone, etc be compromised",Currently working in or pursuing a career in Tech
2024-11-09 12:39:52,2024-11-09 12:43:02,IP Address,49.43.217.227,100,189,True,2024-11-09 12:43:03,R_42DNFwIbMp3ztay,,,,,17.3724,78.4378,anonymous,EN,18-24,Bachelor's Degree,Extremely uncomfortable,Not sure,1,1,1,1,1,1,1,1,1,1,1,Biometric information,,"Opening an account,Loan application",Extremely important,"Traditional PIIs like passwords, email, phone, etc be compromised",Currently working in or pursuing a career in Tech
2024-11-09 15:44:30,2024-11-09 15:47:18,IP Address,106.216.197.118,100,168,True,2024-11-09 15:47:19,R_4FFupWLKpjohyBX,,,,,17.3724,78.4378,anonymous,EN,25-34,Master's Degree,Somewhat comfortable,"No, never",1,4,3,3,4,3,3,3,5,3,4,Biometric information,,"Loan application,Credit scoring and risk assessment",Extremely important,"Traditional PIIs like passwords, email, phone, etc be compromised",Prefer not to answer
2024-11-09 21:12:08,2024-11-09 21:13:27,IP Address,69.250.65.87,100,79,True,2024-11-09 21:13:27,R_1cZioBi3dFx3P7h,,,,,39.3361,-76.5389,anonymous,EN,18-24,Bachelor's Degree,Extremely uncomfortable,"Not personally, but I know someone who has",3,4,3,5,3,3,3,3,2,2,4,Biometric information,,"Opening an account,Loan application,Compliance with legal obligations (e.g., anti-money laundering)",Extremely important,"Traditional PIIs like passwords, email, phone, etc be compromised",Currently working in or pursuing a career in Tech
2024-11-12 08:05:45,2024-11-12 08:07:16,IP Address,49.33.192.244,100,90,True,2024-11-12 08:07:16,R_4E6mwONOUPLFtfP,,,,,19.0748,72.8856,anonymous,EN,,,,,,,,,,,,,,,,,,,,,
2024-11-13 15:55:31,2024-11-13 15:59:27,IP Address,152.7.255.203,100,235,True,2024-11-13 15:59:29,R_1m5xf7yzwSe5e7L,,,,,35.7633,-78.71,anonymous,EN,18-24,Master's Degree,Somewhat uncomfortable,"Not personally, but I know someone who has",1,4,1,2,4,3,1,1,1,1,1,Biometric information,,"Opening an account,Loan application",Extremely important,"Traditional PIIs like passwords, email, phone, etc be compromised",Currently working in or pursuing a career in Tech
2024-11-13 15:58:55,2024-11-13 16:05:21,IP Address,152.7.255.201,100,386,True,2024-11-13 16:05:22,R_5PdRFCoI88opWVz,,,,,35.7633,-78.71,anonymous,EN,18-24,Bachelor's Degree,Neither comfortable nor uncomfortable,"No, never",1,3,4,4,4,3,3,2,1,1,1,Social Security Number,,"Loan application,Credit scoring and risk assessment",Very important,"Traditional PIIs like passwords, email, phone, etc be compromised",Currently working in or pursuing a career in Tech
2024-11-14 12:58:08,2024-11-14 12:58:43,IP Address,71.69.164.17,100,34,True,2024-11-14 12:58:43,R_1f9Ba8oQbUfRtql,,,,,35.7614,-78.6015,anonymous,EN,18-24,Bachelor's Degree,Neither comfortable nor uncomfortable,"Yes, once",2,2,2,4,2,2,1,2,1,2,2,Personal Address,,Credit scoring and risk assessment,Moderately important,"Biometric ( fingerprints, facial recognition) and Behavioral(phone use patterns, etc) PIIs be compromised",Not currently working in or pursuing a career in Tech
2024-11-18 15:10:17,2024-11-18 15:12:43,IP Address,64.71.91.5,100,145,True,2024-11-18 15:12:43,R_6aUqi3GAc4oHCKJ,,,,,27.7077,-97.3551,anonymous,EN,18-24,Master's Degree,Somewhat uncomfortable,"Not personally, but I know someone who has",5,3,5,4,3,3,5,5,5,5,5,Biometric information,,"Opening an account,Loan application,Compliance with legal obligations (e.g., anti-money laundering)",Very important,"Biometric ( fingerprints, facial recognition) and Behavioral(phone use patterns, etc) PIIs be compromised",Not currently working in or pursuing a career in Tech
2024-11-18 15:46:11,2024-11-18 15:47:55,IP Address,152.7.255.194,100,103,True,2024-11-18 15:47:55,R_1QfDjktSbo1BUn5,,,,,35.7633,-78.71,anonymous,EN,18-24,Some College,Somewhat comfortable,Not sure,5,5,5,1,5,5,5,5,3,5,5,Motherâ€™s Maiden Name,,"Opening an account,Loan application,Credit scoring and risk assessment,Compliance with legal obligations (e.g., anti-money laundering)",Very important,"Traditional PIIs like passwords, email, phone, etc be compromised",Currently working in or pursuing a career in Tech
2024-11-18 15:46:02,2024-11-18 15:47:57,IP Address,152.7.255.194,100,114,True,2024-11-18 15:47:57,R_6Ig5Ud4ibMKgR5e,,,,,35.7633,-78.71,anonymous,EN,18-24,Bachelor's Degree,Somewhat comfortable,"Not personally, but I know someone who has",1,5,4,4,4,4,4,3,1,2,2,Motherâ€™s Maiden Name,,"Opening an account,Loan application,Compliance with legal obligations (e.g., anti-money laundering)",Extremely important,"Traditional PIIs like passwords, email, phone, etc be compromised",Currently working in or pursuing a career in Tech
2024-11-18 15:47:49,2024-11-18 15:49:55,IP Address,152.7.255.206,100,126,True,2024-11-18 15:49:56,R_3hz4c88CqAtaidw,,,,,35.797,-78.6865,anonymous,EN,18-24,Bachelor's Degree,Neither comfortable nor uncomfortable,Not sure,1,5,5,5,5,5,4,4,5,5,4,Social Security Number,,"Opening an account,Credit scoring and risk assessment,Compliance with legal obligations (e.g., anti-money laundering)",Very important,"Biometric ( fingerprints, facial recognition) and Behavioral(phone use patterns, etc) PIIs be compromised",Currently working in or pursuing a career in Tech
2024-11-18 16:01:34,2024-11-18 16:02:41,IP Address,76.182.71.81,100,66,True,2024-11-18 16:02:42,R_12z50ergrS1YBPX,,,,,35.7614,-78.6015,anonymous,EN,18-24,Bachelor's Degree,Somewhat uncomfortable,"Yes, multiple times",3,5,5,4,4,4,2,2,1,4,2,Biometric information,,"Opening an account,Loan application,Credit scoring and risk assessment,Compliance with legal obligations (e.g., anti-money laundering)",Very important,"Traditional PIIs like passwords, email, phone, etc be compromised",Currently working in or pursuing a career in Tech
2024-11-18 16:07:57,2024-11-18 16:09:01,IP Address,207.193.220.71,100,64,True,2024-11-18 16:09:02,R_3Wma7P9Z1XvSDGF,,,,,35.7919,-78.6541,anonymous,EN,18-24,High School,Neither comfortable nor uncomfortable,"No, never",1,5,3,3,4,2,2,1,1,1,1,Biometric information,,"Opening an account,Loan application,Marketing of new products and services",Slightly important,"Biometric ( fingerprints, facial recognition) and Behavioral(phone use patterns, etc) PIIs be compromised",Not currently working in or pursuing a career in Tech
2024-11-18 16:18:26,2024-11-18 16:20:48,IP Address,152.7.255.192,100,141,True,2024-11-18 16:20:49,R_5syOwWrYc1fRO5q,,,,,35.7633,-78.71,anonymous,EN,25-34,Master's Degree,Extremely uncomfortable,"No, never",1,4,3,2,2,3,2,2,1,1,2,Social Security Number,,"Opening an account,Loan application,Credit scoring and risk assessment,Compliance with legal obligations (e.g., anti-money laundering)",Very important,"Traditional PIIs like passwords, email, phone, etc be compromised",Currently working in or pursuing a career in Tech
2024-11-18 16:21:17,2024-11-18 16:23:32,IP Address,152.7.255.201,100,135,True,2024-11-18 16:23:33,R_3ynzgGos2zJe5VL,,,,,35.7633,-78.71,anonymous,EN,25-34,Bachelor's Degree,Extremely uncomfortable,Not sure,1,5,5,3,5,5,1,1,1,1,3,Social Security Number,,"Opening an account,Loan application,Credit scoring and risk assessment,Compliance with legal obligations (e.g., anti-money laundering)",Extremely important,"Biometric ( fingerprints, facial recognition) and Behavioral(phone use patterns, etc) PIIs be compromised",Currently working in or pursuing a career in Tech
2024-11-18 16:25:59,2024-11-18 16:30:00,IP Address,65.190.55.19,100,241,True,2024-11-18 16:30:01,R_6H0KLn6xpxI8P55,,,,,35.8235,-78.8256,anonymous,EN,25-34,Associate's Degree,Somewhat uncomfortable,"Yes, once",1,2,2,2,2,2,2,3,1,1,1,Biometric information,,"Opening an account,Compliance with legal obligations (e.g., anti-money laundering)",Extremely important,"Traditional PIIs like passwords, email, phone, etc be compromised",Currently working in or pursuing a career in Tech
2024-11-18 16:35:44,2024-11-18 16:40:26,IP Address,49.43.233.43,100,282,True,2024-11-18 16:40:27,R_4LhAPh7asSTNeBr,,,,,17.3724,78.4378,anonymous,EN,18-24,High School,Neither comfortable nor uncomfortable,"Yes, multiple times",2,5,1,1,4,5,5,1,1,4,5,Social Security Number,,"Opening an account,Loan application,Credit scoring and risk assessment,Compliance with legal obligations (e.g., anti-money laundering)",Very important,"Biometric ( fingerprints, facial recognition) and Behavioral(phone use patterns, etc) PIIs be compromised",Currently working in or pursuing a career in Tech
2024-11-18 16:37:19,2024-11-18 16:40:45,IP Address,152.7.255.194,100,206,True,2024-11-18 16:40:46,R_5Nd8pyaMOopSaxb,,,,,35.7633,-78.71,anonymous,EN,18-24,Master's Degree,Extremely uncomfortable,"Not personally, but I know someone who has",5,5,5,5,5,5,1,3,1,1,1,Social Security Number,,"Loan application,Credit scoring and risk assessment",Extremely important,"Traditional PIIs like passwords, email, phone, etc be compromised",Currently working in or pursuing a career in Tech
2024-11-18 16:40:30,2024-11-18 16:43:30,IP Address,152.7.255.206,100,179,True,2024-11-18 16:43:30,R_7h09qeG90OZXY13,,,,,35.7633,-78.71,anonymous,EN,18-24,Associate's Degree,Neither comfortable nor uncomfortable,"Yes, once",1,5,4,3,4,3,2,2,1,1,2,Social Security Number,,"Opening an account,Loan application,Credit scoring and risk assessment,Compliance with legal obligations (e.g., anti-money laundering)",Extremely important,"Traditional PIIs like passwords, email, phone, etc be compromised",Currently working in or pursuing a career in Tech
2024-11-18 17:22:58,2024-11-18 17:24:56,IP Address,172.59.217.60,100,117,True,2024-11-18 17:24:57,R_5idFQ4FuFc4nwMF,,,,,34.9071,-81.0073,anonymous,EN,18-24,Master's Degree,Neither comfortable nor uncomfortable,"Not personally, but I know someone who has",1,3,1,1,1,1,1,1,1,1,1,Date of Birth,,"Opening an account,Loan application",Extremely important,"Traditional PIIs like passwords, email, phone, etc be compromised",Currently working in or pursuing a career in Tech
2024-11-18 19:21:10,2024-11-18 19:24:32,IP Address,72.88.210.136,100,202,True,2024-11-18 19:24:33,R_5mszIAcZBwcXNDf,,,,,40.4992,-74.4996,anonymous,EN,18-24,Master's Degree,Somewhat uncomfortable,"Yes, once",4,5,5,5,5,5,3,3,2,2,2,Personal Address,,Loan application,Extremely important,"Traditional PIIs like passwords, email, phone, etc be compromised",Currently working in or pursuing a career in Tech
2024-11-18 19:29:15,2024-11-18 19:33:07,IP Address,172.56.249.237,100,232,True,2024-11-18 19:33:08,R_5K8OFv9sMrV0Kic,,,,,39.8499,-86.2649,anonymous,EN,45-54,Master's Degree,Neither comfortable nor uncomfortable,"Yes, multiple times",2,5,5,2,5,3,3,2,2,2,3,Social Security Number,,"Opening an account,Loan application",Extremely important,"Traditional PIIs like passwords, email, phone, etc be compromised",Currently working in or pursuing a career in Tech
2024-11-18 22:00:30,2024-11-18 22:02:45,IP Address,76.38.16.165,100,134,True,2024-11-18 22:02:45,R_6CS9LpOGAHc5KaR,,,,,35.7633,-78.71,anonymous,EN,25-34,Bachelor's Degree,Somewhat uncomfortable,"Not personally, but I know someone who has",1,4,3,1,4,3,2,1,1,1,1,,,"Opening an account,Loan application",Extremely important,,Currently working in or pursuing a career in Tech
